match_id,player1,player2,elapsed_time,set_no,game_no,point_no,p1_sets,p2_sets,p1_games,p2_games,p1_score,p2_score,server,serve_no,point_victor,p1_points_won,p2_points_won,game_victor,set_victor,p1_ace,p2_ace,p1_winner,p2_winner,winner_shot_type,p1_double_fault,p2_double_fault,p1_unf_err,p2_unf_err,p1_net_pt,p2_net_pt,p1_net_pt_won,p2_net_pt_won,p1_break_pt,p2_break_pt,p1_break_pt_won,p2_break_pt_won,p1_break_pt_missed,p2_break_pt_missed,p1_distance_run,p2_distance_run,rally_count,speed_mph,serve_width,serve_depth,return_depth
2023-wimbledon-1601,Carlos Alcaraz,Daniil Medvedev,0:00:00,1,1,1,0,0,0,0,0,0,1,1,1,1,0,0,0,0,0,0,0,0,0,0,0,0,0,0,0,0,0,0,0,0,0,0,5.649,0.489,1,112,W,CTL,ND
2023-wimbledon-1601,Carlos Alcaraz,Daniil Medvedev,0:00:27,1,1,2,0,0,0,0,15,0,1,2,1,2,0,0,0,0,0,0,0,0,0,0,0,1,0,0,0,0,0,0,0,0,0,0,25.325,22.588,5,89,W,NCTL,D
2023-wimbledon-1601,Carlos Alcaraz,Daniil Medvedev,0:01:10,1,1,3,0,0,0,0,30,0,1,1,1,3,0,0,0,0,0,1,0,F,0,0,0,0,0,0,0,0,0,0,0,0,0,0,9.286,7.28,3,108,W,CTL,ND
2023-wimbledon-1601,Carlos Alcaraz,Daniil Medvedev,0:01:36,1,1,4,0,0,0,0,40,0,1,1,1,4,0,1,0,0,0,0,0,0,0,0,0,0,1,0,1,0,0,0,0,0,0,0,8.427,7.461,1,104,C,NCTL,D
2023-wimbledon-1601,Carlos Alcaraz,Daniil Medvedev,0:02:36,1,2,5,0,0,1,0,0,0,2,1,2,4,1,0,0,0,0,0,0,0,0,0,1,0,0,0,0,0,0,0,0,0,0,0,29.482,26.312,7,121,C,NCTL,D
2023-wimbledon-1601,Carlos Alcaraz,Daniil Medvedev,0:03:05,1,2,6,0,0,1,0,0,15,2,1,2,4,2,0,0,0,0,0,0,0,0,0,0,0,0,1,0,1,0,0,0,0,0,0,22.372,16.829,5,124,BC,NCTL,ND
2023-wimbledon-1601,Carlos Alcaraz,Daniil Medvedev,0:03:32,1,2,7,0,0,1,0,0,30,2,2,1,5,2,0,0,0,0,0,0,0,0,0,0,0,1,0,1,0,0,0,0,0,0,0,9.871,7.444,2,94,BC,NCTL,D
2023-wimbledon-1601,Carlos Alcaraz,Daniil Medvedev,0:04:00,1,2,8,0,0,1,0,15,30,2,1,2,5,3,0,0,0,1,0,1,0,0,0,0,0,0,0,0,0,0,0,0,0,0,0,0.556,0.575,1,123,C,NCTL,NA
2023-wimbledon-1601,Carlos Alcaraz,Daniil Medvedev,0:04:23,1,2,9,0,0,1,0,15,40,2,1,2,5,4,2,0,0,0,0,0,0,0,0,0,0,0,1,0,1,0,0,0,0,0,0,19.863,16.794,3,116,W,CTL,ND
2023-wimbledon-1601,Carlos Alcaraz,Daniil Medvedev,0:05:03,1,3,10,0,0,1,1,0,0,1,1,1,6,4,0,0,0,0,0,0,0,0,0,0,0,0,0,0,0,0,0,0,0,0,0,5.033,5.318,1,110,BW,NCTL,NA
2023-wimbledon-1601,Carlos Alcaraz,Daniil Medvedev,0:05:26,1,3,11,0,0,1,1,15,0,1,1,2,6,5,0,0,0,0,0,0,0,0,0,1,0,0,0,0,0,0,0,0,0,0,0,9.161,7.733,2,112,C,NCTL,ND
2023-wimbledon-1601,Carlos Alcaraz,Daniil Medvedev,0:05:50,1,3,12,0,0,1,1,15,15,1,1,1,7,5,0,0,0,0,0,0,0,0,0,0,0,0,0,0,0,0,0,0,0,0,0,0.999,0.175,1,108,W,NCTL,NA
2023-wimbledon-1601,Carlos Alcaraz,Daniil Medvedev,0:06:13,1,3,13,0,0,1,1,30,15,1,2,2,7,6,0,0,0,0,0,0,0,0,0,0,0,0,0,0,0,0,0,0,0,0,0,10.515,18.109,2,92,BW,NCTL,D
2023-wimbledon-1601,Carlos Alcaraz,Daniil Medvedev,0:06:53,1,3,14,0,0,1,1,30,30,1,1,1,8,6,0,0,0,0,0,0,0,0,0,0,1,0,0,0,0,0,0,0,0,0,0,40.059,42.658,9,104,BW,NCTL,D
2023-wimbledon-1601,Carlos Alcaraz,Daniil Medvedev,0:07:34,1,3,15,0,0,1,1,40,30,1,1,2,8,7,0,0,0,0,0,1,F,0,0,0,0,0,0,0,0,0,0,0,0,0,0,36.047,48.763,12,98,W,CTL,ND
2023-wimbledon-1601,Carlos Alcaraz,Daniil Medvedev,0:08:28,1,3,16,0,0,1,1,40,40,1,2,1,9,7,0,0,0,0,0,0,0,0,0,0,0,0,0,0,0,0,0,0,0,0,0,12.179,20.323,3,102,W,NCTL,ND
2023-wimbledon-1601,Carlos Alcaraz,Daniil Medvedev,0:09:10,1,3,17,0,0,1,1,50,40,1,1,2,9,8,0,0,0,0,0,1,B,0,0,0,0,0,0,0,0,0,0,0,0,0,0,30.537,28.366,6,116,C,NCTL,D
2023-wimbledon-1601,Carlos Alcaraz,Daniil Medvedev,0:09:48,1,3,18,0,0,1,1,40,40,1,1,1,10,8,0,0,0,0,0,0,0,0,0,0,0,1,0,1,0,0,0,0,0,0,0,10.748,7.385,1,119,C,NCTL,ND
2023-wimbledon-1601,Carlos Alcaraz,Daniil Medvedev,0:10:17,1,3,19,0,0,1,1,50,40,1,2,1,11,8,1,0,0,0,0,0,0,0,0,0,0,0,0,0,0,0,0,0,0,0,0,6.23,8.147,1,95,BW,NCTL,D
2023-wimbledon-1601,Carlos Alcaraz,Daniil Medvedev,0:12:36,1,4,20,0,0,2,1,0,0,2,1,1,12,8,0,0,0,0,1,0,B,0,0,0,0,0,1,0,0,0,0,0,0,0,0,42.322,43.695,10,123,C,NCTL,D
2023-wimbledon-1601,Carlos Alcaraz,Daniil Medvedev,0:13:15,1,4,21,0,0,2,1,15,0,2,1,2,12,9,0,0,0,0,0,1,F,0,0,0,0,0,1,0,1,0,0,0,0,0,0,18.545,10.328,3,122,W,CTL,ND
2023-wimbledon-1601,Carlos Alcaraz,Daniil Medvedev,0:13:40,1,4,22,0,0,2,1,15,15,2,1,2,12,10,0,0,0,0,0,0,0,0,0,0,0,0,0,0,0,0,0,0,0,0,0,11.707,7.74,1,127,C,NCTL,D
2023-wimbledon-1601,Carlos Alcaraz,Daniil Medvedev,0:14:00,1,4,23,0,0,2,1,15,30,2,2,2,12,11,0,0,0,0,0,1,B,0,0,0,0,1,0,0,0,0,0,0,0,0,0,21.642,16.791,5,99,W,CTL,ND
2023-wimbledon-1601,Carlos Alcaraz,Daniil Medvedev,0:14:45,1,4,24,0,0,2,1,15,40,2,1,1,13,11,0,0,0,0,0,0,0,0,0,0,0,0,0,0,0,0,0,0,0,0,0,14.405,8.008,2,123,BW,NCTL,D
2023-wimbledon-1601,Carlos Alcaraz,Daniil Medvedev,0:15:05,1,4,25,0,0,2,1,30,40,2,2,2,13,12,2,0,0,0,0,1,F,0,0,0,0,0,0,0,0,0,0,0,0,0,0,15.131,14.601,5,110,C,NCTL,D
2023-wimbledon-1601,Carlos Alcaraz,Daniil Medvedev,0:15:55,1,5,26,0,0,2,2,0,0,1,2,2,13,13,0,0,0,0,0,0,0,0,0,0,0,0,0,0,0,0,0,0,0,0,0,40.403,43.741,10,97,BC,NCTL,D
2023-wimbledon-1601,Carlos Alcaraz,Daniil Medvedev,0:16:50,1,5,27,0,0,2,2,0,15,1,1,1,14,13,0,0,0,0,0,0,0,0,0,0,0,1,0,1,0,0,0,0,0,0,0,14.863,7.442,1,125,W,CTL,D
2023-wimbledon-1601,Carlos Alcaraz,Daniil Medvedev,0:17:19,1,5,28,0,0,2,2,15,15,1,1,1,15,13,0,0,0,0,1,0,F,0,0,0,0,0,0,0,0,0,0,0,0,0,0,22.276,33.647,5,122,C,NCTL,ND
2023-wimbledon-1601,Carlos Alcaraz,Daniil Medvedev,0:17:53,1,5,29,0,0,2,2,30,15,1,2,2,15,14,0,0,0,0,0,0,0,0,0,1,0,0,0,0,0,0,0,0,0,0,0,45.151,44.888,10,94,W,CTL,D
2023-wimbledon-1601,Carlos Alcaraz,Daniil Medvedev,0:18:52,1,5,30,0,0,2,2,30,30,1,1,1,16,14,0,0,0,0,1,0,F,0,0,0,0,0,0,0,0,0,0,0,0,0,0,15.752,24.195,3,109,BW,NCTL,ND
2023-wimbledon-1601,Carlos Alcaraz,Daniil Medvedev,0:19:21,1,5,31,0,0,2,2,40,30,1,1,1,17,14,1,0,0,0,1,0,F,0,0,0,0,1,0,1,0,0,0,0,0,0,0,17.077,21.609,3,115,C,NCTL,NA
2023-wimbledon-1601,Carlos Alcaraz,Daniil Medvedev,0:21:13,1,6,32,0,0,3,2,0,0,2,1,2,17,15,0,0,0,0,0,1,B,0,0,0,0,0,0,0,0,0,0,0,0,0,0,27.404,21.707,5,114,W,CTL,ND
2023-wimbledon-1601,Carlos Alcaraz,Daniil Medvedev,0:21:40,1,6,33,0,0,3,2,0,15,2,2,1,18,15,0,0,0,0,0,0,0,0,0,0,0,0,1,0,0,0,0,0,0,0,0,44.276,44.597,10,92,BW,NCTL,ND
2023-wimbledon-1601,Carlos Alcaraz,Daniil Medvedev,0:22:27,1,6,34,0,0,3,2,15,15,2,2,1,19,15,0,0,0,0,0,0,0,0,0,0,0,1,0,1,0,0,0,0,0,0,0,57.968,43.54,12,107,BW,NCTL,ND
2023-wimbledon-1601,Carlos Alcaraz,Daniil Medvedev,0:23:44,1,6,35,0,0,3,2,30,15,2,1,2,19,16,0,0,0,0,0,0,0,0,0,0,0,0,0,0,0,0,0,0,0,0,0,46.725,42.776,11,125,W,NCTL,ND
2023-wimbledon-1601,Carlos Alcaraz,Daniil Medvedev,0:24:23,1,6,36,0,0,3,2,30,30,2,2,2,19,17,0,0,0,0,0,0,0,0,0,1,0,0,0,0,0,0,0,0,0,0,0,20.759,17.931,3,98,B,NCTL,ND
2023-wimbledon-1601,Carlos Alcaraz,Daniil Medvedev,0:25:08,1,6,37,0,0,3,2,30,40,2,1,2,19,18,2,0,0,0,0,0,0,0,0,0,0,0,0,0,0,0,0,0,0,0,0,9.831,8.012,1,123,C,NCTL,ND
2023-wimbledon-1601,Carlos Alcaraz,Daniil Medvedev,0:25:50,1,7,38,0,0,3,3,0,0,1,1,2,19,19,0,0,0,0,0,0,0,0,0,1,0,0,0,0,0,0,0,0,0,0,0,13.615,16.857,2,118,C,CTL,ND
2023-wimbledon-1601,Carlos Alcaraz,Daniil Medvedev,0:26:21,1,7,39,0,0,3,3,0,15,1,1,1,20,19,0,0,0,0,1,0,F,0,0,0,0,1,0,1,0,0,0,0,0,0,0,9.738,0,3,118,C,NCTL,NA
2023-wimbledon-1601,Carlos Alcaraz,Daniil Medvedev,0:26:53,1,7,40,0,0,3,3,15,15,1,2,1,21,19,0,0,0,0,0,0,0,0,0,0,0,0,0,0,0,0,0,0,0,0,0,36.352,52.45,11,97,BW,NCTL,ND
2023-wimbledon-1601,Carlos Alcaraz,Daniil Medvedev,0:27:51,1,7,41,0,0,3,3,30,15,1,1,1,22,19,0,0,0,0,1,0,F,0,0,0,0,1,0,1,0,0,0,0,0,0,0,19.506,17.605,5,123,B,NCTL,ND
2023-wimbledon-1601,Carlos Alcaraz,Daniil Medvedev,0:28:40,1,7,42,0,0,3,3,40,15,1,1,1,23,19,1,0,0,0,0,0,0,0,0,0,1,0,1,0,0,0,0,0,0,0,0,14.862,19.482,3,123,C,NCTL,ND
2023-wimbledon-1601,Carlos Alcaraz,Daniil Medvedev,0:30:29,1,8,43,0,0,4,3,0,0,2,2,1,24,19,0,0,0,0,0,0,0,0,0,0,1,0,0,0,0,0,0,0,0,0,0,30.424,20.994,6,108,B,NCTL,D
2023-wimbledon-1601,Carlos Alcaraz,Daniil Medvedev,0:31:06,1,8,44,0,0,4,3,15,0,2,1,2,24,20,0,0,0,0,0,0,0,0,0,0,0,0,1,0,1,0,0,0,0,0,0,27.044,18.656,3,125,C,NCTL,ND
2023-wimbledon-1601,Carlos Alcaraz,Daniil Medvedev,0:31:33,1,8,45,0,0,4,3,15,15,2,1,2,24,21,0,0,0,1,0,1,0,0,0,0,0,0,0,0,0,0,0,0,0,0,0,1.379,0.781,1,124,C,CTL,NA
2023-wimbledon-1601,Carlos Alcaraz,Daniil Medvedev,0:31:50,1,8,46,0,0,4,3,15,30,2,1,1,25,21,0,0,0,0,1,0,F,0,0,0,0,0,0,0,0,0,0,0,0,0,0,9.25,8.874,2,122,C,NCTL,D
2023-wimbledon-1601,Carlos Alcaraz,Daniil Medvedev,0:32:11,1,8,47,0,0,4,3,30,30,2,1,1,26,21,0,0,0,0,0,0,0,0,0,0,0,1,0,1,0,0,0,0,0,0,0,37.682,14.958,4,116,W,NCTL,ND
2023-wimbledon-1601,Carlos Alcaraz,Daniil Medvedev,0:32:36,1,8,48,0,0,4,3,40,30,2,2,1,27,21,1,0,0,0,0,0,0,0,0,0,0,0,0,0,0,1,0,1,0,0,0,10.499,8.828,2,95,BW,NCTL,ND
2023-wimbledon-1601,Carlos Alcaraz,Daniil Medvedev,0:33:48,1,9,49,0,0,5,3,0,0,1,2,1,28,21,0,0,0,0,0,0,0,0,0,0,0,0,0,0,0,0,0,0,0,0,0,5.122,5.112,1,109,BC,NCTL,ND
2023-wimbledon-1601,Carlos Alcaraz,Daniil Medvedev,0:34:24,1,9,50,0,0,5,3,15,0,1,2,1,29,21,0,0,0,0,0,0,0,0,0,0,0,0,0,0,0,0,0,0,0,0,0,5.775,5.973,1,88,B,NCTL,D
2023-wimbledon-1601,Carlos Alcaraz,Daniil Medvedev,0:35:00,1,9,51,0,0,5,3,30,0,1,1,1,30,21,0,0,0,0,0,0,0,0,0,0,0,0,0,0,0,0,0,0,0,0,0,5.277,5.649,1,108,BC,NCTL,D
2023-wimbledon-1601,Carlos Alcaraz,Daniil Medvedev,0:35:23,1,9,52,0,0,5,3,40,0,1,1,1,31,21,1,1,0,0,0,0,0,0,0,0,0,1,0,1,0,0,0,0,0,0,0,8.062,7.727,1,117,C,NCTL,D
2023-wimbledon-1601,Carlos Alcaraz,Daniil Medvedev,0:38:54,2,1,53,1,0,0,0,0,0,2,1,2,31,22,0,0,0,0,0,1,B,0,0,0,0,0,0,0,0,0,0,0,0,0,0,38.392,20.461,7,107,W,NCTL,D
2023-wimbledon-1601,Carlos Alcaraz,Daniil Medvedev,0:39:21,2,1,54,1,0,0,0,0,15,2,2,2,31,23,0,0,0,0,0,0,0,0,0,0,0,0,0,0,0,0,0,0,0,0,0,16.186,18.528,5,90,B,NCTL,D
2023-wimbledon-1601,Carlos Alcaraz,Daniil Medvedev,0:39:55,2,1,55,1,0,0,0,0,30,2,1,2,31,24,0,0,0,0,0,0,0,0,0,0,0,0,0,0,0,0,0,0,0,0,0,4.772,3.282,1,120,BW,CTL,ND
2023-wimbledon-1601,Carlos Alcaraz,Daniil Medvedev,0:40:17,2,1,56,1,0,0,0,0,40,2,2,2,31,25,2,0,0,0,0,1,B,0,0,0,0,0,0,0,0,0,0,0,0,0,0,21.853,16.087,5,109,C,NCTL,ND
2023-wimbledon-1601,Carlos Alcaraz,Daniil Medvedev,0:41:31,2,2,57,1,0,0,1,0,0,1,1,1,32,25,0,0,0,0,0,0,0,0,0,0,0,0,0,0,0,0,0,0,0,0,0,43.029,37.711,11,110,BW,NCTL,D
2023-wimbledon-1601,Carlos Alcaraz,Daniil Medvedev,0:42:23,2,2,58,1,0,0,1,15,0,1,2,2,32,26,0,0,0,0,0,0,0,0,0,1,0,0,0,0,0,0,0,0,0,0,0,8.138,15.023,2,106,C,CTL,ND
2023-wimbledon-1601,Carlos Alcaraz,Daniil Medvedev,0:43:00,2,2,59,1,0,0,1,15,15,1,1,1,33,26,0,0,1,0,1,0,0,0,0,0,0,0,0,0,0,0,0,0,0,0,0,0.495,0.127,1,126,C,NCTL,NA
2023-wimbledon-1601,Carlos Alcaraz,Daniil Medvedev,0:43:24,2,2,60,1,0,0,1,30,15,1,2,2,33,27,0,0,0,0,0,0,0,0,0,1,0,0,0,0,0,0,0,0,0,0,0,22.321,21.131,4,94,BW,NCTL,ND
2023-wimbledon-1601,Carlos Alcaraz,Daniil Medvedev,0:44:08,2,2,61,1,0,0,1,30,30,1,2,2,33,28,0,0,0,0,0,0,0,1,0,1,0,0,0,0,0,0,0,0,0,0,0,2.826,3.378,0,NA,BC,CTL,NA
2023-wimbledon-1601,Carlos Alcaraz,Daniil Medvedev,0:44:48,2,2,62,1,0,0,1,30,40,1,1,1,34,28,0,0,1,0,1,0,0,0,0,0,0,0,0,0,0,0,1,0,0,0,1,0.777,0,1,117,C,CTL,NA
2023-wimbledon-1601,Carlos Alcaraz,Daniil Medvedev,0:45:17,2,2,63,1,0,0,1,40,40,1,1,1,35,28,0,0,0,0,0,0,0,0,0,0,0,0,0,0,0,0,0,0,0,0,0,4.872,5.929,1,121,B,NCTL,ND
2023-wimbledon-1601,Carlos Alcaraz,Daniil Medvedev,0:45:45,2,2,64,1,0,0,1,50,40,1,1,2,35,29,0,0,0,0,0,0,0,0,0,0,0,1,0,0,0,0,0,0,0,0,0,33.513,10.336,4,115,C,NCTL,ND
2023-wimbledon-1601,Carlos Alcaraz,Daniil Medvedev,0:46:23,2,2,65,1,0,0,1,40,40,1,1,1,36,29,0,0,0,0,1,0,F,0,0,0,0,1,0,1,0,0,0,0,0,0,0,13.434,19.799,3,107,W,CTL,NA
2023-wimbledon-1601,Carlos Alcaraz,Daniil Medvedev,0:46:55,2,2,66,1,0,0,1,50,40,1,1,1,37,29,1,0,0,0,1,0,B,0,0,0,0,0,0,0,0,0,0,0,0,0,0,13.602,14.73,3,126,B,NCTL,ND
2023-wimbledon-1601,Carlos Alcaraz,Daniil Medvedev,0:47:46,2,3,67,1,0,1,1,0,0,2,2,2,37,30,0,0,0,1,0,1,0,0,0,0,0,0,0,0,0,0,0,0,0,0,0,5.161,5.406,1,104,W,CTL,D
2023-wimbledon-1601,Carlos Alcaraz,Daniil Medvedev,0:48:14,2,3,68,1,0,1,1,0,15,2,1,1,38,30,0,0,0,0,0,0,0,0,0,0,0,1,0,1,0,0,0,0,0,0,0,148.723,70.86,14,123,C,NCTL,D
2023-wimbledon-1601,Carlos Alcaraz,Daniil Medvedev,0:49:00,2,3,69,1,0,1,1,15,15,2,2,1,39,30,0,0,0,0,0,0,0,0,0,0,1,0,0,0,0,0,0,0,0,0,0,9.501,7.449,2,101,C,NCTL,ND
2023-wimbledon-1601,Carlos Alcaraz,Daniil Medvedev,0:49:34,2,3,70,1,0,1,1,30,15,2,1,1,40,30,0,0,0,0,0,0,0,0,0,0,1,0,0,0,0,0,0,0,0,0,0,17.065,8.759,2,115,W,CTL,ND
2023-wimbledon-1601,Carlos Alcaraz,Daniil Medvedev,0:49:56,2,3,71,1,0,1,1,40,15,2,1,2,40,31,0,0,0,0,0,0,0,0,0,1,0,0,0,0,0,1,0,0,0,1,0,50.733,39.461,13,124,C,CTL,ND
2023-wimbledon-1601,Carlos Alcaraz,Daniil Medvedev,0:50:32,2,3,72,1,0,1,1,40,30,2,1,2,40,32,0,0,0,0,0,0,0,0,0,1,0,0,0,0,0,1,0,0,0,1,0,21.621,16.693,5,123,BW,CTL,ND
2023-wimbledon-1601,Carlos Alcaraz,Daniil Medvedev,0:51:00,2,3,73,1,0,1,1,40,40,2,2,1,41,32,0,0,0,0,0,0,0,0,0,0,0,1,0,1,0,0,0,0,0,0,0,27.81,27.675,8,95,C,NCTL,ND
2023-wimbledon-1601,Carlos Alcaraz,Daniil Medvedev,0:51:44,2,3,74,1,0,1,1,50,40,2,2,1,42,32,1,0,0,0,0,0,0,0,0,0,0,1,0,1,0,1,0,1,0,0,0,12.31,11.111,2,95,BW,NCTL,D
2023-wimbledon-1601,Carlos Alcaraz,Daniil Medvedev,0:53:48,2,4,75,1,0,2,1,0,0,1,2,1,43,32,0,0,0,0,0,0,0,0,0,0,0,0,1,0,0,0,0,0,0,0,0,12.164,25.549,3,100,W,NCTL,ND
2023-wimbledon-1601,Carlos Alcaraz,Daniil Medvedev,0:54:32,2,4,76,1,0,2,1,15,0,1,1,1,44,32,0,0,0,0,0,0,0,0,0,0,1,0,0,0,0,0,0,0,0,0,0,13.194,12.567,3,117,BC,NCTL,D
2023-wimbledon-1601,Carlos Alcaraz,Daniil Medvedev,0:55:01,2,4,77,1,0,2,1,30,0,1,2,2,44,33,0,0,0,0,0,0,0,0,0,0,0,0,0,0,0,0,0,0,0,0,0,37.647,40.004,8,106,BC,CTL,ND
2023-wimbledon-1601,Carlos Alcaraz,Daniil Medvedev,0:55:53,2,4,78,1,0,2,1,30,15,1,1,2,44,34,0,0,0,0,0,1,B,0,0,0,0,1,0,0,0,0,0,0,0,0,0,11.183,7.746,2,111,W,CTL,ND
2023-wimbledon-1601,Carlos Alcaraz,Daniil Medvedev,0:56:26,2,4,79,1,0,2,1,30,30,1,1,1,45,34,0,0,0,0,0,0,0,0,0,0,0,0,0,0,0,0,0,0,0,0,0,37.19,42.447,9,110,W,NCTL,D
2023-wimbledon-1601,Carlos Alcaraz,Daniil Medvedev,0:57:07,2,4,80,1,0,2,1,40,30,1,1,1,46,34,1,0,0,0,0,0,0,0,0,0,0,0,0,0,0,0,0,0,0,0,0,34.403,36.5,9,121,C,NCTL,ND
2023-wimbledon-1601,Carlos Alcaraz,Daniil Medvedev,0:58:00,2,5,81,1,0,3,1,0,0,2,1,2,46,35,0,0,0,0,0,0,0,0,0,0,0,0,0,0,0,0,0,0,0,0,0,14.718,10.49,3,120,C,NCTL,ND
2023-wimbledon-1601,Carlos Alcaraz,Daniil Medvedev,0:58:34,2,5,82,1,0,3,1,0,15,2,1,2,46,36,0,0,0,0,0,0,0,0,0,0,0,0,0,0,0,0,0,0,0,0,0,11.769,8.568,1,120,W,CTL,D
2023-wimbledon-1601,Carlos Alcaraz,Daniil Medvedev,0:58:57,2,5,83,1,0,3,1,0,30,2,1,2,46,37,0,0,0,0,0,1,B,0,0,0,0,0,1,0,1,0,0,0,0,0,0,28.328,21.232,5,112,W,CTL,D
2023-wimbledon-1601,Carlos Alcaraz,Daniil Medvedev,0:59:25,2,5,84,1,0,3,1,0,40,2,1,2,46,38,2,0,0,0,0,0,0,0,0,0,0,0,0,0,0,0,0,0,0,0,0,5.942,4.203,1,122,C,NCTL,D
2023-wimbledon-1601,Carlos Alcaraz,Daniil Medvedev,1:01:20,2,6,85,1,0,3,2,0,0,1,1,1,47,38,0,0,0,0,1,0,F,0,0,0,0,1,0,1,0,0,0,0,0,0,0,16.916,20.584,3,113,BC,CTL,NA
2023-wimbledon-1601,Carlos Alcaraz,Daniil Medvedev,1:01:49,2,6,86,1,0,3,2,15,0,1,1,1,48,38,0,0,0,0,0,0,0,0,0,0,0,1,0,1,0,0,0,0,0,0,0,8.229,4.772,1,118,C,NCTL,ND
2023-wimbledon-1601,Carlos Alcaraz,Daniil Medvedev,1:02:17,2,6,87,1,0,3,2,30,0,1,1,1,49,38,0,0,0,0,0,0,0,0,0,0,0,1,0,1,0,0,0,0,0,0,0,8.335,3.125,1,109,BW,NCTL,ND
2023-wimbledon-1601,Carlos Alcaraz,Daniil Medvedev,1:02:44,2,6,88,1,0,3,2,40,0,1,2,1,50,38,1,0,0,0,0,0,0,0,0,0,0,1,0,1,0,0,0,0,0,0,0,10.927,6.86,1,109,C,NCTL,ND
2023-wimbledon-1601,Carlos Alcaraz,Daniil Medvedev,1:03:30,2,7,89,1,0,4,2,0,0,2,1,1,51,38,0,0,0,0,0,0,0,0,0,0,1,0,1,0,0,0,0,0,0,0,0,21.127,13.61,4,115,W,CTL,D
2023-wimbledon-1601,Carlos Alcaraz,Daniil Medvedev,1:03:59,2,7,90,1,0,4,2,15,0,2,1,2,51,39,0,0,0,1,0,1,0,0,0,0,0,0,0,0,0,0,0,0,0,0,0,0.88,0.814,1,118,W,CTL,NA
2023-wimbledon-1601,Carlos Alcaraz,Daniil Medvedev,1:04:16,2,7,91,1,0,4,2,15,15,2,1,2,51,40,0,0,0,0,0,0,0,0,0,0,0,0,0,0,0,0,0,0,0,0,0,11.704,7.194,1,119,BW,NCTL,D
2023-wimbledon-1601,Carlos Alcaraz,Daniil Medvedev,1:04:33,2,7,92,1,0,4,2,15,30,2,2,1,52,40,0,0,0,0,0,0,0,0,0,0,0,0,0,0,0,0,0,0,0,0,0,7.584,8.314,2,100,BW,NCTL,ND
2023-wimbledon-1601,Carlos Alcaraz,Daniil Medvedev,1:05:01,2,7,93,1,0,4,2,30,30,2,1,2,52,41,0,0,0,0,0,0,0,0,0,1,0,0,0,0,0,0,0,0,0,0,0,33.546,21.726,5,122,C,NCTL,D
2023-wimbledon-1601,Carlos Alcaraz,Daniil Medvedev,1:05:30,2,7,94,1,0,4,2,30,40,2,1,2,52,42,2,0,0,0,0,1,F,0,0,0,0,0,1,0,1,0,0,0,0,0,0,13.551,10.737,3,121,W,NCTL,ND
2023-wimbledon-1601,Carlos Alcaraz,Daniil Medvedev,1:07:20,2,8,95,1,0,4,3,0,0,1,1,1,53,42,0,0,1,0,1,0,0,0,0,0,0,0,0,0,0,0,0,0,0,0,0,0.646,0.151,1,120,C,NCTL,NA
2023-wimbledon-1601,Carlos Alcaraz,Daniil Medvedev,1:07:37,2,8,96,1,0,4,3,15,0,1,1,1,54,42,0,0,0,0,0,0,0,0,0,0,0,0,0,0,0,0,0,0,0,0,0,7.628,7.045,1,132,BW,NCTL,ND
2023-wimbledon-1601,Carlos Alcaraz,Daniil Medvedev,1:07:56,2,8,97,1,0,4,3,30,0,1,2,1,55,42,0,0,0,0,1,0,B,0,0,0,0,1,0,1,0,0,0,0,0,0,0,13.375,27.361,3,102,W,CTL,NA
2023-wimbledon-1601,Carlos Alcaraz,Daniil Medvedev,1:08:40,2,8,98,1,0,4,3,40,0,1,1,1,56,42,1,0,0,0,0,0,0,0,0,0,0,1,0,1,0,0,0,0,0,0,0,15.726,11.866,1,116,C,NCTL,ND
2023-wimbledon-1601,Carlos Alcaraz,Daniil Medvedev,1:09:13,2,9,99,1,0,5,3,0,0,2,1,1,57,42,0,0,0,0,0,0,0,0,0,0,1,0,0,0,0,0,0,0,0,0,0,10.008,7.893,2,125,BC,NCTL,ND
2023-wimbledon-1601,Carlos Alcaraz,Daniil Medvedev,1:09:33,2,9,100,1,0,5,3,15,0,2,1,1,58,42,0,0,0,0,1,0,F,0,0,0,0,0,0,0,0,0,0,0,0,0,0,10.654,12.516,4,122,BC,CTL,D
2023-wimbledon-1601,Carlos Alcaraz,Daniil Medvedev,1:09:55,2,9,101,1,0,5,3,30,0,2,2,1,59,42,0,0,0,0,1,0,B,0,0,0,0,1,0,1,0,0,0,0,0,0,0,42.077,33.138,8,107,BC,NCTL,ND
2023-wimbledon-1601,Carlos Alcaraz,Daniil Medvedev,1:10:40,2,9,102,1,0,5,3,40,0,2,1,2,59,43,0,0,0,0,0,0,0,0,0,0,0,0,0,0,0,1,0,0,0,1,0,11.412,10.29,1,112,C,CTL,D
2023-wimbledon-1601,Carlos Alcaraz,Daniil Medvedev,1:11:01,2,9,103,1,0,5,3,40,15,2,1,2,59,44,0,0,0,0,0,0,0,0,0,0,0,0,0,0,0,1,0,0,0,1,0,16.088,12.578,1,125,BC,NCTL,D
2023-wimbledon-1601,Carlos Alcaraz,Daniil Medvedev,1:11:18,2,9,104,1,0,5,3,40,30,2,2,1,60,44,1,1,0,0,0,0,0,0,0,0,0,0,0,0,0,1,0,1,0,0,0,9.308,7.661,2,100,B,NCTL,D
2023-wimbledon-1601,Carlos Alcaraz,Daniil Medvedev,1:13:40,3,1,105,2,0,0,0,0,0,1,1,1,61,44,0,0,0,0,0,0,0,0,0,0,1,0,0,0,0,0,0,0,0,0,0,24.176,25.908,7,127,BC,NCTL,ND
2023-wimbledon-1601,Carlos Alcaraz,Daniil Medvedev,1:14:11,3,1,106,2,0,0,0,15,0,1,1,1,62,44,0,0,0,0,1,0,F,0,0,0,0,1,0,1,0,0,0,0,0,0,0,12.409,9.806,3,104,W,CTL,NA
2023-wimbledon-1601,Carlos Alcaraz,Daniil Medvedev,1:14:40,3,1,107,2,0,0,0,30,0,1,1,1,63,44,0,0,1,0,1,0,0,0,0,0,0,0,0,0,0,0,0,0,0,0,0,1.033,1.349,1,105,W,CTL,NA
2023-wimbledon-1601,Carlos Alcaraz,Daniil Medvedev,1:15:04,3,1,108,2,0,0,0,40,0,1,2,1,64,44,1,0,0,0,1,0,B,0,0,0,0,0,0,0,0,0,0,0,0,0,0,11.14,11.262,3,100,B,NCTL,ND
2023-wimbledon-1601,Carlos Alcaraz,Daniil Medvedev,1:16:05,3,2,109,2,0,1,0,0,0,2,2,1,65,44,0,0,0,0,0,0,0,0,1,0,1,0,0,0,0,0,0,0,0,0,0,2.65,1.749,0,NA,B,CTL,NA
2023-wimbledon-1601,Carlos Alcaraz,Daniil Medvedev,1:16:32,3,2,110,2,0,1,0,15,0,2,1,2,65,45,0,0,0,0,0,0,0,0,0,0,0,0,0,0,0,0,0,0,0,0,0,20.037,18.428,5,119,W,NCTL,ND
2023-wimbledon-1601,Carlos Alcaraz,Daniil Medvedev,1:16:55,3,2,111,2,0,1,0,15,15,2,1,1,66,45,0,0,0,0,0,0,0,0,0,0,0,0,1,0,0,0,0,0,0,0,0,28.979,36.189,6,123,C,NCTL,ND
2023-wimbledon-1601,Carlos Alcaraz,Daniil Medvedev,1:17:27,3,2,112,2,0,1,0,30,15,2,2,1,67,45,0,0,0,0,0,0,0,0,1,0,1,0,0,0,0,0,0,0,0,0,0,9.443,6.243,0,NA,BW,CTL,ND
2023-wimbledon-1601,Carlos Alcaraz,Daniil Medvedev,1:18:05,3,2,113,2,0,1,0,40,15,2,1,1,68,45,1,0,0,0,0,0,0,0,0,0,1,0,0,0,0,1,0,1,0,0,0,12.178,6.849,2,117,W,NCTL,ND
2023-wimbledon-1601,Carlos Alcaraz,Daniil Medvedev,1:19:00,3,3,114,2,0,2,0,0,0,1,1,1,69,45,0,0,0,0,1,0,F,0,0,0,0,1,0,1,0,0,0,0,0,0,0,11.692,0,3,107,W,CTL,NA
2023-wimbledon-1601,Carlos Alcaraz,Daniil Medvedev,1:19:29,3,3,115,2,0,2,0,15,0,1,1,1,70,45,0,0,0,0,0,0,0,0,0,0,0,0,0,0,0,0,0,0,0,0,0,4.931,3.622,1,129,BW,NCTL,D
2023-wimbledon-1601,Carlos Alcaraz,Daniil Medvedev,1:19:50,3,3,116,2,0,2,0,30,0,1,1,2,70,46,0,0,0,0,0,0,0,0,0,0,0,0,0,0,0,0,0,0,0,0,0,42.171,35.785,8,109,B,NCTL,D
2023-wimbledon-1601,Carlos Alcaraz,Daniil Medvedev,1:20:27,3,3,117,2,0,2,0,30,15,1,2,2,70,47,0,0,0,0,0,0,0,1,0,1,0,0,0,0,0,0,0,0,0,0,0,3.418,7.17,0,NA,W,CTL,NA
2023-wimbledon-1601,Carlos Alcaraz,Daniil Medvedev,1:21:04,3,3,118,2,0,2,0,30,30,1,1,1,71,47,0,0,0,0,1,0,F,0,0,0,0,1,0,1,0,0,0,0,0,0,0,12.91,15.291,3,103,W,CTL,NA
2023-wimbledon-1601,Carlos Alcaraz,Daniil Medvedev,1:21:35,3,3,119,2,0,2,0,40,30,1,1,1,72,47,1,0,0,0,0,0,0,0,0,0,0,0,0,0,0,0,0,0,0,0,0,4.995,4.034,1,119,C,NCTL,D
2023-wimbledon-1601,Carlos Alcaraz,Daniil Medvedev,1:23:17,3,4,120,2,0,3,0,0,0,2,1,1,73,47,0,0,0,0,0,0,0,0,0,0,0,0,0,0,0,0,0,0,0,0,0,9.172,8.1,2,115,BW,NCTL,ND
2023-wimbledon-1601,Carlos Alcaraz,Daniil Medvedev,1:23:40,3,4,121,2,0,3,0,15,0,2,1,2,73,48,0,0,0,0,0,1,F,0,0,0,0,0,1,0,1,0,0,0,0,0,0,19.897,11.936,5,117,C,NCTL,ND
2023-wimbledon-1601,Carlos Alcaraz,Daniil Medvedev,1:24:08,3,4,122,2,0,3,0,15,15,2,1,2,73,49,0,0,0,1,0,1,0,0,0,0,0,0,0,0,0,0,0,0,0,0,0,6.782,5.523,1,109,W,NCTL,D
2023-wimbledon-1601,Carlos Alcaraz,Daniil Medvedev,1:24:27,3,4,123,2,0,3,0,15,30,2,1,2,73,50,0,0,0,0,0,0,0,0,0,0,0,0,0,0,0,0,0,0,0,0,0,8.692,6.598,1,114,C,NCTL,D
2023-wimbledon-1601,Carlos Alcaraz,Daniil Medvedev,1:24:45,3,4,124,2,0,3,0,15,40,2,2,1,74,50,0,0,0,0,0,0,0,0,0,0,1,0,0,0,0,0,0,0,0,0,0,21.594,13.429,4,123,BC,NCTL,D
2023-wimbledon-1601,Carlos Alcaraz,Daniil Medvedev,1:25:16,3,4,125,2,0,3,0,30,40,2,1,2,74,51,2,0,0,0,0,1,F,0,0,0,0,0,1,0,1,0,0,0,0,0,0,18.607,19.56,5,126,W,CTL,NA
2023-wimbledon-1601,Carlos Alcaraz,Daniil Medvedev,1:26:02,3,5,126,2,0,3,1,0,0,1,1,2,74,52,0,0,0,0,0,0,0,0,0,1,0,0,0,0,0,0,0,0,0,0,0,87.136,77.409,18,116,C,NCTL,ND
2023-wimbledon-1601,Carlos Alcaraz,Daniil Medvedev,1:27:03,3,5,127,2,0,3,1,0,15,1,1,2,74,53,0,0,0,0,0,0,0,0,0,1,0,0,0,0,0,0,0,0,0,0,0,8.202,8.229,2,112,BC,NCTL,ND
2023-wimbledon-1601,Carlos Alcaraz,Daniil Medvedev,1:27:33,3,5,128,2,0,3,1,0,30,1,1,2,74,54,0,0,0,0,0,0,0,0,0,0,0,0,0,0,0,0,0,0,0,0,0,15.615,18.242,4,125,BC,NCTL,D
2023-wimbledon-1601,Carlos Alcaraz,Daniil Medvedev,1:28:10,3,5,129,2,0,3,1,0,40,1,1,1,75,54,0,0,0,0,1,0,F,0,0,0,0,1,0,1,0,0,1,0,0,0,1,13.265,11.707,3,117,C,NCTL,NA
2023-wimbledon-1601,Carlos Alcaraz,Daniil Medvedev,1:28:40,3,5,130,2,0,3,1,15,40,1,2,2,75,55,2,0,0,0,0,0,0,1,0,1,0,0,0,0,0,0,1,0,1,0,0,0.835,1.156,0,NA,W,CTL,NA
2023-wimbledon-1601,Carlos Alcaraz,Daniil Medvedev,1:30:39,3,6,131,2,0,3,2,0,0,2,2,1,76,55,0,0,0,0,1,0,F,0,0,0,0,0,0,0,0,0,0,0,0,0,0,19.606,17.728,4,105,B,NCTL,ND
2023-wimbledon-1601,Carlos Alcaraz,Daniil Medvedev,1:31:13,3,6,132,2,0,3,2,15,0,2,2,1,77,55,0,0,0,0,1,0,F,0,0,0,0,0,0,0,0,0,0,0,0,0,0,12.029,12.76,4,97,BW,NCTL,D
2023-wimbledon-1601,Carlos Alcaraz,Daniil Medvedev,1:31:43,3,6,133,2,0,3,2,30,0,2,2,2,77,56,0,0,0,0,0,0,0,0,0,0,0,0,1,0,1,0,0,0,0,0,0,15.552,17.791,3,107,W,CTL,ND
2023-wimbledon-1601,Carlos Alcaraz,Daniil Medvedev,1:32:17,3,6,134,2,0,3,2,30,15,2,1,1,78,56,0,0,0,0,0,0,0,0,0,0,0,0,0,0,0,0,0,0,0,0,0,7.278,6.446,2,124,BW,NCTL,D
2023-wimbledon-1601,Carlos Alcaraz,Daniil Medvedev,1:32:39,3,6,135,2,0,3,2,40,15,2,1,2,78,57,0,0,0,0,0,0,0,0,0,0,0,0,1,0,1,1,0,0,0,1,0,53.061,40.724,7,126,C,NCTL,ND
2023-wimbledon-1601,Carlos Alcaraz,Daniil Medvedev,1:33:16,3,6,136,2,0,3,2,40,30,2,2,2,78,58,0,0,0,0,0,0,0,0,0,1,0,0,0,0,0,1,0,0,0,1,0,45.559,51.848,13,99,B,NCTL,D
2023-wimbledon-1601,Carlos Alcaraz,Daniil Medvedev,1:34:09,3,6,137,2,0,3,2,40,40,2,2,1,79,58,0,0,0,0,0,0,0,0,1,0,1,0,0,0,0,0,0,0,0,0,0,5.477,4.936,0,NA,BW,CTL,ND
2023-wimbledon-1601,Carlos Alcaraz,Daniil Medvedev,1:34:39,3,6,138,2,0,3,2,50,40,2,1,2,79,59,0,0,0,0,0,0,0,0,0,0,0,0,0,0,0,1,0,0,0,1,0,7.216,7.309,1,126,W,CTL,D
2023-wimbledon-1601,Carlos Alcaraz,Daniil Medvedev,1:35:00,3,6,139,2,0,3,2,40,40,2,1,1,80,59,0,0,0,0,0,0,0,0,0,0,0,0,1,0,0,0,0,0,0,0,0,39.095,39.293,8,128,C,CTL,D
2023-wimbledon-1601,Carlos Alcaraz,Daniil Medvedev,1:35:40,3,6,140,2,0,3,2,50,40,2,2,2,80,60,0,0,0,0,0,1,F,0,0,0,0,0,0,0,0,1,0,0,0,1,0,37.168,22.572,5,121,C,NCTL,ND
2023-wimbledon-1601,Carlos Alcaraz,Daniil Medvedev,1:36:19,3,6,141,2,0,3,2,40,40,2,2,1,81,60,0,0,0,0,0,0,0,0,0,0,0,0,1,0,0,0,0,0,0,0,0,17.781,15.932,4,107,W,CTL,ND
2023-wimbledon-1601,Carlos Alcaraz,Daniil Medvedev,1:37:10,3,6,142,2,0,3,2,50,40,2,2,1,82,60,1,0,0,0,1,0,F,0,0,0,0,1,0,1,0,1,0,1,0,0,0,19.394,20.124,6,93,BW,NCTL,D
2023-wimbledon-1601,Carlos Alcaraz,Daniil Medvedev,1:38:18,3,7,143,2,0,4,2,0,0,1,1,1,83,60,0,0,0,0,0,0,0,0,0,0,1,0,0,0,0,0,0,0,0,0,0,34.086,39.245,7,111,BW,NCTL,D
2023-wimbledon-1601,Carlos Alcaraz,Daniil Medvedev,1:38:55,3,7,144,2,0,4,2,15,0,1,1,2,83,61,0,0,0,0,0,0,0,0,0,0,0,1,0,0,0,0,0,0,0,0,0,13.53,13.06,4,123,B,NCTL,ND
2023-wimbledon-1601,Carlos Alcaraz,Daniil Medvedev,1:39:27,3,7,145,2,0,4,2,15,15,1,1,2,83,62,0,0,0,0,0,1,F,0,0,0,0,0,0,0,0,0,0,0,0,0,0,18.111,24.832,4,118,B,NCTL,NA
2023-wimbledon-1601,Carlos Alcaraz,Daniil Medvedev,1:40:12,3,7,146,2,0,4,2,15,30,1,2,2,83,63,0,0,0,0,0,1,F,0,0,0,0,0,1,0,1,0,0,0,0,0,0,36.743,41.016,8,90,W,CTL,ND
2023-wimbledon-1601,Carlos Alcaraz,Daniil Medvedev,1:41:11,3,7,147,2,0,4,2,15,40,1,1,2,83,64,2,0,0,0,0,0,0,0,0,1,0,0,0,0,0,0,1,0,1,0,0,8.012,10.816,2,113,BW,NCTL,ND
2023-wimbledon-1601,Carlos Alcaraz,Daniil Medvedev,1:42:59,3,8,148,2,0,4,3,0,0,2,2,1,84,64,0,0,0,0,0,0,0,0,0,0,0,0,0,0,0,0,0,0,0,0,0,20.01,14.52,2,105,B,NCTL,D
2023-wimbledon-1601,Carlos Alcaraz,Daniil Medvedev,1:43:31,3,8,149,2,0,4,3,15,0,2,1,2,84,65,0,0,0,0,0,1,F,0,0,0,0,0,1,0,1,0,0,0,0,0,0,14.078,8.748,3,127,W,NCTL,ND
2023-wimbledon-1601,Carlos Alcaraz,Daniil Medvedev,1:43:53,3,8,150,2,0,4,3,15,15,2,2,2,84,66,0,0,0,0,0,1,F,0,0,0,0,0,1,0,1,0,0,0,0,0,0,12.507,9.706,3,120,B,NCTL,ND
2023-wimbledon-1601,Carlos Alcaraz,Daniil Medvedev,1:44:24,3,8,151,2,0,4,3,15,30,2,2,1,85,66,0,0,0,0,0,0,0,0,1,0,1,0,0,0,0,0,0,0,0,0,0,1.174,0.592,0,NA,W,CTL,NA
2023-wimbledon-1601,Carlos Alcaraz,Daniil Medvedev,1:44:47,3,8,152,2,0,4,3,30,30,2,2,1,86,66,0,0,0,0,0,0,0,0,0,0,0,0,0,0,0,0,0,0,0,0,0,9.325,4.846,2,104,W,NCTL,D
2023-wimbledon-1601,Carlos Alcaraz,Daniil Medvedev,1:45:16,3,8,153,2,0,4,3,40,30,2,2,1,87,66,1,0,0,0,0,0,0,0,0,0,0,0,0,0,0,1,0,1,0,0,0,11.383,7.362,2,103,BC,NCTL,ND
2023-wimbledon-1601,Carlos Alcaraz,Daniil Medvedev,1:46:00,3,9,154,2,0,5,3,0,0,1,1,2,87,67,0,0,0,0,0,0,0,0,0,0,0,0,0,0,0,0,0,0,0,0,0,19.903,20.03,2,103,W,CTL,ND
2023-wimbledon-1601,Carlos Alcaraz,Daniil Medvedev,1:46:27,3,9,155,2,0,5,3,0,15,1,2,1,88,67,0,0,0,0,0,0,0,0,0,0,1,0,0,0,0,0,0,0,0,0,0,28.564,34.296,7,93,BW,NCTL,ND
2023-wimbledon-1601,Carlos Alcaraz,Daniil Medvedev,1:47:17,3,9,156,2,0,5,3,15,15,1,2,1,89,67,0,0,0,0,0,0,0,0,0,0,1,0,0,0,0,0,0,0,0,0,0,29.576,28.424,7,98,BW,NCTL,ND
2023-wimbledon-1601,Carlos Alcaraz,Daniil Medvedev,1:48:05,3,9,157,2,0,5,3,30,15,1,1,2,89,68,0,0,0,0,0,1,F,0,0,0,0,1,0,0,0,0,0,0,0,0,0,14.296,14.277,4,115,C,NCTL,ND
2023-wimbledon-1601,Carlos Alcaraz,Daniil Medvedev,1:48:42,3,9,158,2,0,5,3,30,30,1,1,1,90,68,0,0,0,0,0,0,0,0,0,0,0,0,0,0,0,0,0,0,0,0,0,5.363,4.893,1,114,W,CTL,D
2023-wimbledon-1601,Carlos Alcaraz,Daniil Medvedev,1:49:13,3,9,159,2,0,5,3,40,30,1,2,1,91,68,1,1,0,0,1,0,F,0,0,0,0,0,0,0,0,0,0,0,0,0,0,83.369,65.69,17,89,BW,NCTL,D